Column1,Column2,Column3,Column4,Column5,Column6,Column7,Column8,Column9,Column10,Column11,Column12,Column13,Column14,Column15,Column16,Column17,Column18,Column19,Column20,Column21,Column22,Column23,Column24
360,2/9/2020 2:50,634488679.2,6144.481,25.75,186.77,809684,91.283,12.96,-99.99,14.41,-99.99,15.86,-99.99,145.74,-9.99,162.05,-9.99,178.36,-9.99,6.44081E+21,9.9,35.076,10.387
361,2/9/2020 2:50,634488679.2,6144.893,25.75,186.77,813228,91.683,11.4,-99.99,12.85,-99.99,14.3,-99.99,142.46,-9.99,160.59,-9.99,178.72,-9.99,5.79408E+21,9.9,35.075,10.387
362,2/9/2020 2:50,634488679.3,6145.297,25.75,186.77,816704,92.075,10.03,-99.99,11.48,-99.99,12.93,-99.99,141.76,-9.99,162.27,-9.99,182.77,-9.99,5.1233E+21,9.9,35.075,10.387
363,2/9/2020 2:50,634488679.4,6145.699,25.75,186.77,820162,92.464,8.82,-99.99,10.27,-99.99,11.72,-99.99,141,-9.99,164.17,-9.99,187.35,-9.99,4.53256E+21,9.9,35.074,10.387
364,2/9/2020 2:50,634488679.4,6146.112,25.75,186.77,823714,92.865,7.73,-99.99,9.18,-99.99,10.63,-99.99,139.08,-9.99,165.18,-9.99,191.29,-9.99,4.02413E+21,9.9,35.074,10.387
365,2/9/2020 2:50,634488679.5,6146.523,25.75,186.77,827248,93.263,6.77,-99.99,8.22,-99.99,9.67,-99.99,140,-9.99,170,-9.99,200,-9.99,3.50142E+21,9.9,35.073,10.387
345,2/9/2020 2:50,634488678.2,6138.667,25.76,186.77,759610,85.638,66.69,-99.99,68.14,-99.99,69.59,-99.99,173.85,-9.99,177.63,-9.99,181.42,-9.99,2.77822E+22,9.9,35.082,10.387
346,2/9/2020 2:50,634488678.2,6139.046,25.76,186.77,762877,86.006,60.4,-99.99,61.85,-99.99,63.3,-99.99,171.3,-9.99,175.41,-9.99,179.52,-9.99,2.55404E+22,9.9,35.082,10.387
347,2/9/2020 2:50,634488678.3,6139.42,25.76,186.77,766100,86.37,54.72,-99.99,56.17,-99.99,57.62,-99.99,169.42,-9.99,173.91,-9.99,178.4,-9.99,2.33917E+22,9.9,35.081,10.387
348,2/9/2020 2:50,634488678.4,6139.795,25.76,186.77,769332,86.734,49.5,-99.99,50.95,-99.99,52.4,-99.99,167.67,-9.99,172.58,-9.99,177.5,-9.99,2.13813E+22,9.9,35.081,10.387
349,2/9/2020 2:50,634488678.4,6140.176,25.76,186.77,772615,87.104,44.66,-99.99,46.11,-99.99,47.56,-99.99,165.96,-9.99,171.35,-9.99,176.74,-9.99,1.94891E+22,9.9,35.08,10.387
350,2/9/2020 2:50,634488678.5,6140.551,25.76,186.77,775846,87.468,40.32,-99.99,41.77,-99.99,43.22,-99.99,164.72,-9.99,170.65,-9.99,176.57,-9.99,1.77284E+22,9.9,35.08,10.387
351,2/9/2020 2:50,634488678.6,6140.936,25.76,186.77,779163,87.842,36.27,-99.99,37.72,-99.99,39.17,-99.99,163.09,-9.99,169.61,-9.99,176.13,-9.99,1.61087E+22,9.9,35.08,10.387
352,2/9/2020 2:50,634488678.6,6141.321,25.76,186.77,782479,88.216,32.6,-99.99,34.05,-99.99,35.5,-99.99,162.02,-9.99,169.23,-9.99,176.44,-9.99,1.4574E+22,9.9,35.079,10.387
353,2/9/2020 2:50,634488678.7,6141.703,25.76,186.77,785770,88.587,29.31,-99.99,30.76,-99.99,32.21,-99.99,161.36,-9.99,169.35,-9.99,177.33,-9.99,1.31564E+22,9.9,35.079,10.387
354,2/9/2020 2:50,634488678.8,6142.087,25.76,186.77,789076,88.96,26.32,-99.99,27.77,-99.99,29.22,-99.99,159.76,-9.99,168.56,-9.99,177.36,-9.99,1.19319E+22,9.9,35.078,10.387
355,2/9/2020 2:50,634488678.8,6142.49,25.76,186.77,792546,89.351,23.47,-99.99,24.92,-99.99,26.37,-99.99,156.76,-9.99,166.45,-9.99,176.13,-9.99,1.08436E+22,9.9,35.078,10.387
356,2/9/2020 2:50,634488678.9,6142.879,25.76,186.77,795896,89.729,20.98,-99.99,22.43,-99.99,23.88,-99.99,155.28,-9.99,166.01,-9.99,176.75,-9.99,9.7848E+21,9.9,35.077,10.387
357,2/9/2020 2:50,634488679,6143.277,25.76,186.77,799322,90.115,18.67,-99.99,20.12,-99.99,21.57,-99.99,152.34,-9.99,164.17,-9.99,176.01,-9.99,8.87702E+21,9.9,35.077,10.387
358,2/9/2020 2:50,634488679,6143.685,25.76,186.77,802834,90.511,16.53,-99.99,17.98,-99.99,19.43,-99.99,148.9,-9.99,161.96,-9.99,175.03,-9.99,8.03957E+21,9.9,35.076,10.387
359,2/9/2020 2:50,634488679.1,6144.085,25.76,186.77,806276,90.899,14.64,-99.99,16.09,-99.99,17.54,-99.99,147.3,-9.99,161.89,-9.99,176.49,-9.99,7.19717E+21,9.9,35.076,10.387
330,2/9/2020 2:50,634488677.2,6133.752,25.77,186.77,717205,80.857,228.61,-99.99,230.06,-99.99,231.51,-99.99,187.8,-9.99,188.99,-9.99,190.19,-9.99,8.81686E+22,9.9,35.089,10.387
331,2/9/2020 2:50,634488677.3,6134.011,25.77,186.77,719441,81.109,214.8,-99.99,216.25,-99.99,217.7,-99.99,187.31,-9.99,188.57,-9.99,189.84,-9.99,8.30606E+22,9.9,35.089,10.387
332,2/9/2020 2:50,634488677.3,6134.319,25.77,186.77,722100,81.409,199.36,-99.99,200.81,-99.99,202.26,-99.99,185.31,-9.99,186.66,-9.99,188.01,-9.99,7.79209E+22,9.9,35.088,10.387
333,2/9/2020 2:50,634488677.4,6134.654,25.77,186.77,724992,81.735,183.65,-99.99,185.1,-99.99,186.55,-99.99,182.77,-9.99,184.21,-9.99,185.66,-9.99,7.27766E+22,9.9,35.088,10.387
334,2/9/2020 2:50,634488677.5,6134.989,25.77,186.77,727884,82.061,168.99,-99.99,170.44,-99.99,171.89,-99.99,180.72,-9.99,182.27,-9.99,183.82,-9.99,6.77307E+22,9.9,35.087,10.387
335,2/9/2020 2:50,634488677.5,6135.33,25.77,186.77,730827,82.393,155.15,-99.99,156.61,-99.99,158.06,-99.99,179.41,-9.99,181.08,-9.99,182.76,-9.99,6.26384E+22,9.9,35.087,10.387
336,2/9/2020 2:50,634488677.6,6135.648,25.77,186.77,733571,82.702,143.24,-99.99,144.69,-99.99,146.14,-99.99,179.59,-9.99,181.4,-9.99,183.22,-9.99,5.77691E+22,9.9,35.086,10.387
337,2/9/2020 2:50,634488677.7,6135.94,25.77,186.77,736090,82.986,133.13,-99.99,134.58,-99.99,136.03,-99.99,180.5,-9.99,182.47,-9.99,184.44,-9.99,5.34215E+22,9.9,35.086,10.387
338,2/9/2020 2:50,634488677.7,6136.237,25.77,186.77,738653,83.275,123.61,-99.99,125.06,-99.99,126.51,-99.99,180.62,-9.99,182.73,-9.99,184.85,-9.99,4.9571E+22,9.9,35.085,10.387
339,2/9/2020 2:50,634488677.8,6136.58,25.77,186.77,741612,83.609,113.43,-99.99,114.88,-99.99,116.33,-99.99,179.12,-9.99,181.41,-9.99,183.7,-9.99,4.58667E+22,9.9,35.085,10.387
340,2/9/2020 2:50,634488677.9,6136.937,25.77,186.77,744692,83.956,103.65,-99.99,105.1,-99.99,106.55,-99.99,178.04,-9.99,180.53,-9.99,183.02,-9.99,4.21674E+22,9.9,35.085,10.387
341,2/9/2020 2:50,634488677.9,6137.267,25.77,186.77,747538,84.277,95.34,-99.99,96.8,-99.99,98.25,-99.99,178.26,-9.99,180.97,-9.99,183.68,-9.99,3.87402E+22,9.9,35.084,10.387
342,2/9/2020 2:50,634488678,6137.596,25.77,186.77,750375,84.597,87.73,-99.99,89.18,-99.99,90.63,-99.99,178.09,-9.99,181.04,-9.99,183.98,-9.99,3.56792E+22,9.9,35.084,10.387
343,2/9/2020 2:50,634488678.1,6137.952,25.77,186.77,753445,84.943,80.14,-99.99,81.59,-99.99,83.04,-99.99,176.72,-9.99,179.92,-9.99,183.12,-9.99,3.2846E+22,9.9,35.083,10.387
344,2/9/2020 2:50,634488678.1,6138.312,25.77,186.77,756549,85.293,73.09,-99.99,74.54,-99.99,75.99,-99.99,175.39,-9.99,178.87,-9.99,182.35,-9.99,3.01819E+22,9.9,35.083,10.387
314,2/9/2020 2:50,634488676.2,6129.879,25.78,186.78,683742,77.084,580.6,-99.99,582.05,-99.99,583.5,-99.99,194.67,-9.99,195.16,-9.99,195.64,-9.99,2.16017E+23,9.9,35.096,10.386
315,2/9/2020 2:50,634488676.2,6130.066,25.78,186.78,685358,77.267,555.92,-99.99,557.37,-99.99,558.82,-99.99,194.3,-9.99,194.81,-9.99,195.32,-9.99,2.07224E+23,9.9,35.096,10.386
316,2/9/2020 2:50,634488676.3,6130.268,25.78,186.78,687105,77.464,530.37,-99.99,531.82,-99.99,533.27,-99.99,193.58,-9.99,194.11,-9.99,194.64,-9.99,1.98443E+23,9.9,35.095,10.386
317,2/9/2020 2:50,634488676.3,6130.489,25.78,186.77,689015,77.679,503.64,-99.99,505.09,-99.99,506.54,-99.99,192.5,-9.99,193.05,-9.99,193.6,-9.99,1.89501E+23,9.9,35.095,10.386
318,2/9/2020 2:50,634488676.4,6130.713,25.78,186.77,690951,77.897,477.77,-99.99,479.22,-99.99,480.67,-99.99,191.19,-9.99,191.77,-9.99,192.35,-9.99,1.80996E+23,9.9,35.094,10.386
319,2/9/2020 2:50,634488676.5,6130.978,25.78,186.77,693242,78.155,448.64,-99.99,450.09,-99.99,451.54,-99.99,189.32,-9.99,189.94,-9.99,190.55,-9.99,1.71634E+23,9.9,35.094,10.386
320,2/9/2020 2:50,634488676.5,6131.237,25.78,186.77,695480,78.408,421.65,-99.99,423.1,-99.99,424.55,-99.99,187.81,-9.99,188.46,-9.99,189.1,-9.99,1.62612E+23,9.9,35.094,10.386
321,2/9/2020 2:50,634488676.6,6131.497,25.78,186.77,697726,78.661,396.02,-99.99,397.47,-99.99,398.92,-99.99,186.59,-9.99,187.27,-9.99,187.95,-9.99,1.53726E+23,9.9,35.093,10.386
322,2/9/2020 2:50,634488676.7,6131.741,25.78,186.77,699835,78.899,373.27,-99.99,374.72,-99.99,376.17,-99.99,185.78,-9.99,186.5,-9.99,187.23,-9.99,1.45521E+23,9.9,35.093,10.386
323,2/9/2020 2:50,634488676.7,6131.977,25.78,186.77,701874,79.129,352.41,-99.99,353.86,-99.99,355.31,-99.99,184.88,-9.99,185.64,-9.99,186.4,-9.99,1.38063E+23,9.9,35.092,10.386
324,2/9/2020 2:50,634488676.8,6132.28,25.78,186.77,704492,79.424,327.17,-99.99,328.62,-99.99,330.07,-99.99,183.33,-9.99,184.14,-9.99,184.96,-9.99,1.29258E+23,9.9,35.092,10.386
325,2/9/2020 2:50,634488676.9,6132.561,25.78,186.77,706919,79.697,305.28,-99.99,306.73,-99.99,308.18,-99.99,183.02,-9.99,183.89,-9.99,184.76,-9.99,1.2081E+23,9.9,35.091,10.386
326,2/9/2020 2:50,634488676.9,6132.82,25.78,186.77,709156,79.95,286.43,-99.99,287.88,-99.99,289.33,-99.99,183.95,-9.99,184.88,-9.99,185.81,-9.99,1.12781E+23,9.9,35.091,10.386
327,2/9/2020 2:50,634488677,6133.037,25.78,186.77,711030,80.161,271.64,-99.99,273.09,-99.99,274.54,-99.99,185.49,-9.99,186.48,-9.99,187.47,-9.99,1.06069E+23,9.9,35.09,10.387
328,2/9/2020 2:50,634488677.1,6133.265,25.78,186.77,712999,80.383,257.03,-99.99,258.48,-99.99,259.93,-99.99,186.86,-9.99,187.92,-9.99,188.97,-9.99,9.9625E+22,9.9,35.09,10.387
329,2/9/2020 2:50,634488677.1,6133.485,25.78,186.77,714899,80.597,243.76,-99.99,245.21,-99.99,246.66,-99.99,187.82,-9.99,188.94,-9.99,190.06,-9.99,9.40012E+22,9.9,35.089,10.387
289,2/9/2020 2:50,634488675.2,6127.361,25.79,186.78,661964,74.629,1036.6,-99.99,1038.05,-99.99,1039.5,-99.99,198.12,-9.99,198.4,-9.99,198.68,-9.99,3.78954E+23,9.9,35.103,10.386
290,2/9/2020 2:50,634488675.2,6127.462,25.79,186.78,662837,74.728,1012.96,-99.99,1014.41,-99.99,1015.86,-99.99,197.74,-9.99,198.02,-9.99,198.31,-9.99,3.7103E+23,9.9,35.103,10.386
291,2/9/2020 2:50,634488675.3,6127.563,25.79,186.78,663711,74.826,989.82,-99.99,991.27,-99.99,992.72,-99.99,197.43,-9.99,197.72,-9.99,198.01,-9.99,3.63123E+23,9.9,35.102,10.386
292,2/9/2020 2:50,634488675.3,6127.664,25.79,186.78,664585,74.925,967.18,-99.99,968.63,-99.99,970.08,-99.99,197.18,-9.99,197.47,-9.99,197.77,-9.99,3.55278E+23,9.9,35.102,10.386
293,2/9/2020 2:50,634488675.3,6127.764,25.79,186.78,665450,75.022,945.25,-99.99,946.7,-99.99,948.15,-99.99,197,-9.99,197.31,-9.99,197.61,-9.99,3.47526E+23,9.9,35.102,10.386
294,2/9/2020 2:50,634488675.4,6127.865,25.79,186.78,666324,75.121,923.58,-99.99,925.03,-99.99,926.48,-99.99,196.79,-9.99,197.1,-9.99,197.41,-9.99,3.39931E+23,9.9,35.101,10.386
295,2/9/2020 2:50,634488675.4,6127.966,25.79,186.78,667198,75.219,902.39,-99.99,903.85,-99.99,905.3,-99.99,196.64,-9.99,196.95,-9.99,197.27,-9.99,3.32388E+23,9.9,35.101,10.386
296,2/9/2020 2:50,634488675.5,6128.067,25.79,186.78,668072,75.318,881.69,-99.99,883.14,-99.99,884.59,-99.99,196.6,-9.99,196.92,-9.99,197.25,-9.99,3.24821E+23,9.9,35.101,10.386
297,2/9/2020 2:50,634488675.5,6128.168,25.79,186.78,668945,75.416,861.45,-99.99,862.9,-99.99,864.35,-99.99,196.6,-9.99,196.93,-9.99,197.26,-9.99,3.17369E+23,9.9,35.101,10.386
298,2/9/2020 2:50,634488675.6,6128.269,25.79,186.78,669819,75.515,841.68,-99.99,843.13,-99.99,844.58,-99.99,196.6,-9.99,196.94,-9.99,197.28,-9.99,3.10078E+23,9.9,35.1,10.386
299,2/9/2020 2:50,634488675.6,6128.369,25.79,186.78,670684,75.612,822.55,-99.99,824,-99.99,825.45,-99.99,196.64,-9.99,196.98,-9.99,197.33,-9.99,3.02982E+23,9.9,35.1,10.386
300,2/9/2020 2:50,634488675.6,6128.47,25.79,186.78,671558,75.711,803.68,-99.99,805.13,-99.99,806.58,-99.99,196.63,-9.99,196.98,-9.99,197.34,-9.99,2.96039E+23,9.9,35.1,10.386
301,2/9/2020 2:50,634488675.7,6128.571,25.79,186.78,672431,75.809,785.24,-99.99,786.69,-99.99,788.14,-99.99,196.61,-9.99,196.97,-9.99,197.33,-9.99,2.89277E+23,9.9,35.099,10.386
302,2/9/2020 2:50,634488675.7,6128.672,25.79,186.78,673305,75.908,767.21,-99.99,768.66,-99.99,770.11,-99.99,196.53,-9.99,196.9,-9.99,197.27,-9.99,2.82753E+23,9.9,35.099,10.386
303,2/9/2020 2:50,634488675.8,6128.772,25.79,186.78,674170,76.005,749.77,-99.99,751.22,-99.99,752.67,-99.99,196.48,-9.99,196.86,-9.99,197.24,-9.99,2.76386E+23,9.9,35.099,10.386
304,2/9/2020 2:50,634488675.8,6128.873,25.79,186.78,675043,76.104,732.55,-99.99,734,-99.99,735.45,-99.99,196.41,-9.99,196.79,-9.99,197.18,-9.99,2.70146E+23,9.9,35.099,10.386
305,2/9/2020 2:50,634488675.8,6128.974,25.79,186.78,675916,76.202,715.72,-99.99,717.17,-99.99,718.62,-99.99,196.31,-9.99,196.71,-9.99,197.11,-9.99,2.64063E+23,9.9,35.098,10.386
306,2/9/2020 2:50,634488675.9,6129.074,25.79,186.78,676781,76.3,699.44,-99.99,700.89,-99.99,702.34,-99.99,196.21,-9.99,196.62,-9.99,197.03,-9.99,2.58187E+23,9.9,35.098,10.386
307,2/9/2020 2:50,634488675.9,6129.175,25.79,186.78,677655,76.398,683.34,-99.99,684.79,-99.99,686.25,-99.99,195.96,-9.99,196.37,-9.99,196.79,-9.99,2.52578E+23,9.9,35.098,10.386
308,2/9/2020 2:50,634488675.9,6129.276,25.79,186.78,678528,76.497,667.6,-99.99,669.06,-99.99,670.51,-99.99,195.67,-9.99,196.09,-9.99,196.52,-9.99,2.47122E+23,9.9,35.098,10.386
309,2/9/2020 2:50,634488676,6129.376,25.79,186.78,679393,76.594,652.36,-99.99,653.81,-99.99,655.26,-99.99,195.43,-9.99,195.86,-9.99,196.3,-9.99,2.41773E+23,9.9,35.097,10.386
310,2/9/2020 2:50,634488676,6129.477,25.79,186.78,680266,76.693,637.29,-99.99,638.74,-99.99,640.19,-99.99,195.18,-9.99,195.62,-9.99,196.07,-9.99,2.36494E+23,9.9,35.097,10.386
311,2/9/2020 2:50,634488676,6129.577,25.79,186.78,681131,76.79,622.7,-99.99,624.15,-99.99,625.61,-99.99,195.02,-9.99,195.47,-9.99,195.93,-9.99,2.31269E+23,9.9,35.097,10.386
312,2/9/2020 2:50,634488676.1,6129.678,25.79,186.78,682004,76.889,608.3,-99.99,609.75,-99.99,611.2,-99.99,194.86,-9.99,195.33,-9.99,195.79,-9.99,2.26102E+23,9.9,35.097,10.386
313,2/9/2020 2:50,634488676.1,6129.778,25.79,186.78,682869,76.986,594.36,-99.99,595.81,-99.99,597.26,-99.99,194.8,-9.99,195.27,-9.99,195.75,-9.99,2.20992E+23,9.9,35.096,10.386
268,2/9/2020 2:50,634488674.2,6125.238,25.8,186.79,643588,72.558,1668.15,-99.99,1669.6,-99.99,1671.05,-99.99,206.29,-9.99,206.47,-9.99,206.65,-9.99,5.85689E+23,9.9,35.11,10.385
269,2/9/2020 2:50,634488674.3,6125.339,25.8,186.79,644462,72.656,1631.57,-99.99,1633.02,-99.99,1634.47,-99.99,205.83,-9.99,206.01,-9.99,206.2,-9.99,5.74129E+23,9.9,35.109,10.385
270,2/9/2020 2:50,634488674.3,6125.441,25.8,186.79,645345,72.756,1595.36,-99.99,1596.81,-99.99,1598.26,-99.99,205.32,-9.99,205.5,-9.99,205.69,-9.99,5.62794E+23,9.9,35.109,10.385
271,2/9/2020 2:50,634488674.4,6125.542,25.8,186.79,646220,72.854,1560.21,-99.99,1561.66,-99.99,1563.11,-99.99,204.86,-9.99,205.05,-9.99,205.24,-9.99,5.51614E+23,9.9,35.109,10.385
272,2/9/2020 2:50,634488674.4,6125.643,25.8,186.79,647094,72.953,1525.77,-99.99,1527.22,-99.99,1528.67,-99.99,204.44,-9.99,204.63,-9.99,204.83,-9.99,5.40557E+23,9.9,35.108,10.385
273,2/9/2020 2:50,634488674.4,6125.744,25.8,186.79,647968,73.051,1492.02,-99.99,1493.47,-99.99,1494.92,-99.99,204.08,-9.99,204.28,-9.99,204.48,-9.99,5.29528E+23,9.9,35.108,10.385
274,2/9/2020 2:50,634488674.5,6125.845,25.8,186.79,648843,73.15,1458.97,-99.99,1460.42,-99.99,1461.87,-99.99,203.81,-9.99,204.01,-9.99,204.22,-9.99,5.18484E+23,9.9,35.108,10.385
275,2/9/2020 2:50,634488674.6,6125.947,25.8,186.79,649726,73.25,1426.29,-99.99,1427.74,-99.99,1429.19,-99.99,203.42,-9.99,203.63,-9.99,203.84,-9.99,5.07837E+23,9.9,35.107,10.385
276,2/9/2020 2:50,634488674.6,6126.048,25.8,186.79,650600,73.348,1394.58,-99.99,1396.03,-99.99,1397.48,-99.99,202.98,-9.99,203.19,-9.99,203.4,-9.99,4.97632E+23,9.9,35.107,10.385
277,2/9/2020 2:50,634488674.7,6126.149,25.8,186.79,651474,73.447,1363.51,-99.99,1364.96,-99.99,1366.41,-99.99,202.46,-9.99,202.67,-9.99,202.89,-9.99,4.87798E+23,9.9,35.106,10.385
278,2/9/2020 2:50,634488674.7,6126.25,25.8,186.79,652349,73.545,1333.05,-99.99,1334.5,-99.99,1335.95,-99.99,201.88,-9.99,202.1,-9.99,202.32,-9.99,4.78258E+23,9.9,35.106,10.385
279,2/9/2020 2:50,634488674.7,6126.351,25.8,186.79,653223,73.644,1303.18,-99.99,1304.63,-99.99,1306.08,-99.99,201.29,-9.99,201.52,-9.99,201.74,-9.99,4.68907E+23,9.9,35.106,10.385
280,2/9/2020 2:50,634488674.8,6126.452,25.8,186.79,654097,73.742,1273.91,-99.99,1275.36,-99.99,1276.81,-99.99,200.78,-9.99,201.01,-9.99,201.24,-9.99,4.59542E+23,9.9,35.106,10.385
281,2/9/2020 2:50,634488674.8,6126.553,25.8,186.79,654971,73.841,1245.23,-99.99,1246.68,-99.99,1248.13,-99.99,200.35,-9.99,200.59,-9.99,200.82,-9.99,4.50156E+23,9.9,35.105,10.385
282,2/9/2020 2:50,634488674.9,6126.654,25.8,186.79,655845,73.939,1217.14,-99.99,1218.59,-99.99,1220.04,-99.99,199.98,-9.99,200.22,-9.99,200.46,-9.99,4.40818E+23,9.9,35.105,10.385
283,2/9/2020 2:50,634488674.9,6126.755,25.8,186.79,656720,74.038,1189.64,-99.99,1191.09,-99.99,1192.54,-99.99,199.68,-9.99,199.93,-9.99,200.17,-9.99,4.31503E+23,9.9,35.105,10.385
284,2/9/2020 2:50,634488675,6126.856,25.8,186.79,657594,74.137,1162.72,-99.99,1164.17,-99.99,1165.62,-99.99,199.45,-9.99,199.7,-9.99,199.95,-9.99,4.22237E+23,9.9,35.104,10.385
285,2/9/2020 2:50,634488675,6126.957,25.8,186.79,658468,74.235,1136.39,-99.99,1137.84,-99.99,1139.29,-99.99,199.21,-9.99,199.46,-9.99,199.72,-9.99,4.13177E+23,9.9,35.104,10.385
286,2/9/2020 2:50,634488675.1,6127.058,25.8,186.79,659342,74.334,1110.62,-99.99,1112.07,-99.99,1113.52,-99.99,198.98,-9.99,199.24,-9.99,199.5,-9.99,4.04265E+23,9.9,35.104,10.386
287,2/9/2020 2:50,634488675.1,6127.159,25.8,186.79,660216,74.432,1085.41,-99.99,1086.86,-99.99,1088.31,-99.99,198.77,-9.99,199.03,-9.99,199.3,-9.99,3.95518E+23,9.9,35.103,10.386
288,2/9/2020 2:50,634488675.1,6127.26,25.8,186.79,661090,74.531,1060.74,-99.99,1062.19,-99.99,1063.64,-99.99,198.5,-9.99,198.77,-9.99,199.04,-9.99,3.87048E+23,9.9,35.103,10.386
251,2/9/2020 2:50,634488673.2,6123.513,25.81,186.81,628647,70.873,2414.51,-99.99,2415.96,-99.99,2417.41,-99.99,215.48,-9.99,215.61,-9.99,215.74,-9.99,8.11577E+23,9.9,35.116,10.384
252,2/9/2020 2:50,634488673.3,6123.615,25.81,186.8,629531,70.973,2363.28,-99.99,2364.73,-99.99,2366.18,-99.99,215.08,-9.99,215.21,-9.99,215.34,-9.99,7.95862E+23,9.9,35.116,10.384
253,2/9/2020 2:50,634488673.4,6123.716,25.81,186.8,630406,71.071,2313.53,-99.99,2314.99,-99.99,2316.43,-99.99,214.73,-9.99,214.86,-9.99,215,-9.99,7.80377E+23,9.9,35.116,10.384
254,2/9/2020 2:50,634488673.4,6123.818,25.81,186.8,631290,71.171,2264.28,-99.99,2265.73,-99.99,2267.18,-99.99,214.31,-9.99,214.45,-9.99,214.59,-9.99,7.65238E+23,9.9,35.115,10.384
255,2/9/2020 2:50,634488673.5,6123.92,25.81,186.8,632173,71.271,2215.98,-99.99,2217.43,-99.99,2218.89,-99.99,213.94,-9.99,214.08,-9.99,214.22,-9.99,7.50214E+23,9.9,35.115,10.384
256,2/9/2020 2:50,634488673.6,6124.021,25.81,186.8,633048,71.369,2169.09,-99.99,2170.54,-99.99,2171.99,-99.99,213.48,-9.99,213.63,-9.99,213.77,-9.99,7.35914E+23,9.9,35.114,10.384
257,2/9/2020 2:50,634488673.6,6124.123,25.81,186.8,633932,71.469,2122.62,-99.99,2124.07,-99.99,2125.52,-99.99,212.81,-9.99,212.95,-9.99,213.1,-9.99,7.22429E+23,9.9,35.114,10.385
258,2/9/2020 2:50,634488673.7,6124.224,25.81,186.8,634806,71.568,2077.45,-99.99,2078.9,-99.99,2080.35,-99.99,212.18,-9.99,212.33,-9.99,212.47,-9.99,7.09159E+23,9.9,35.113,10.385
259,2/9/2020 2:50,634488673.7,6124.326,25.81,186.8,635690,71.667,2032.67,-99.99,2034.12,-99.99,2035.58,-99.99,211.51,-9.99,211.66,-9.99,211.81,-9.99,6.96074E+23,9.9,35.113,10.385
260,2/9/2020 2:50,634488673.8,6124.427,25.81,186.8,636564,71.766,1989.16,-99.99,1990.61,-99.99,1992.06,-99.99,210.87,-9.99,211.03,-9.99,211.18,-9.99,6.8322E+23,9.9,35.113,10.385
261,2/9/2020 2:50,634488673.8,6124.529,25.81,186.8,637448,71.865,1946.03,-99.99,1947.48,-99.99,1948.93,-99.99,210.23,-9.99,210.38,-9.99,210.54,-9.99,6.70468E+23,9.9,35.112,10.385
262,2/9/2020 2:50,634488673.9,6124.63,25.81,186.8,638323,71.964,1904.13,-99.99,1905.58,-99.99,1907.03,-99.99,209.71,-9.99,209.87,-9.99,210.03,-9.99,6.57654E+23,9.9,35.112,10.385
263,2/9/2020 2:50,634488674,6124.731,25.81,186.8,639197,72.063,1863.03,-99.99,1864.48,-99.99,1865.93,-99.99,209.14,-9.99,209.3,-9.99,209.46,-9.99,6.45216E+23,9.9,35.111,10.385
264,2/9/2020 2:50,634488674,6124.833,25.81,186.8,640081,72.162,1822.3,-99.99,1823.75,-99.99,1825.2,-99.99,208.47,-9.99,208.64,-9.99,208.8,-9.99,6.33125E+23,9.9,35.111,10.385
265,2/9/2020 2:50,634488674.1,6124.934,25.81,186.8,640955,72.261,1782.73,-99.99,1784.18,-99.99,1785.63,-99.99,207.86,-9.99,208.03,-9.99,208.2,-9.99,6.21186E+23,9.9,35.111,10.385
266,2/9/2020 2:50,634488674.1,6125.035,25.81,186.8,641830,72.359,1743.92,-99.99,1745.37,-99.99,1746.82,-99.99,207.29,-9.99,207.46,-9.99,207.63,-9.99,6.09344E+23,9.9,35.11,10.385
267,2/9/2020 2:50,634488674.1,6125.137,25.81,186.8,642713,72.459,1705.47,-99.99,1706.92,-99.99,1708.37,-99.99,206.75,-9.99,206.92,-9.99,207.1,-9.99,5.97473E+23,9.9,35.11,10.385
237,2/9/2020 2:50,634488672.2,6122.085,25.82,186.82,616273,69.478,3243.98,-99.99,3245.43,-99.99,3246.88,-99.99,221.6,-9.99,221.7,-9.99,221.8,-9.99,1.06028E+24,9.9,35.124,10.383
238,2/9/2020 2:50,634488672.3,6122.188,25.82,186.82,617166,69.579,3176.34,-99.99,3177.79,-99.99,3179.24,-99.99,221.14,-9.99,221.24,-9.99,221.34,-9.99,1.04034E+24,9.9,35.123,10.383
239,2/9/2020 2:50,634488672.4,6122.29,25.82,186.82,618050,69.678,3110.64,-99.99,3112.09,-99.99,3113.54,-99.99,220.81,-9.99,220.91,-9.99,221.02,-9.99,1.02034E+24,9.9,35.122,10.384
240,2/9/2020 2:50,634488672.4,6122.392,25.82,186.81,618934,69.778,3046.2,-99.99,3047.65,-99.99,3049.1,-99.99,220.5,-9.99,220.6,-9.99,220.71,-9.99,1.00061E+24,9.9,35.122,10.384
241,2/9/2020 2:50,634488672.5,6122.494,25.82,186.81,619818,69.878,2983.04,-99.99,2984.49,-99.99,2985.94,-99.99,220.39,-9.99,220.49,-9.99,220.6,-9.99,9.8037E+23,9.9,35.121,10.384
242,2/9/2020 2:50,634488672.6,6122.596,25.82,186.81,620702,69.977,2921.14,-99.99,2922.59,-99.99,2924.04,-99.99,220.12,-9.99,220.23,-9.99,220.34,-9.99,9.61181E+23,9.9,35.121,10.384
243,2/9/2020 2:50,634488672.7,6122.698,25.82,186.81,621586,70.077,2860.43,-99.99,2861.88,-99.99,2863.33,-99.99,219.68,-9.99,219.79,-9.99,219.9,-9.99,9.43099E+23,9.9,35.12,10.384
244,2/9/2020 2:50,634488672.8,6122.8,25.82,186.81,622470,70.177,2800.89,-99.99,2802.34,-99.99,2803.78,-99.99,219.37,-9.99,219.48,-9.99,219.6,-9.99,9.24762E+23,9.9,35.12,10.384
245,2/9/2020 2:50,634488672.9,6122.902,25.82,186.81,623353,70.276,2742.49,-99.99,2743.94,-99.99,2745.39,-99.99,218.96,-9.99,219.07,-9.99,219.19,-9.99,9.07188E+23,9.9,35.119,10.384
246,2/9/2020 2:50,634488672.9,6123.004,25.82,186.81,624237,70.376,2685.18,-99.99,2686.63,-99.99,2688.08,-99.99,218.4,-9.99,218.52,-9.99,218.64,-9.99,8.90497E+23,9.9,35.118,10.384
247,2/9/2020 2:50,634488673,6123.106,25.82,186.81,625121,70.476,2628.92,-99.99,2630.37,-99.99,2631.82,-99.99,217.75,-9.99,217.87,-9.99,217.99,-9.99,8.74445E+23,9.9,35.118,10.384
248,2/9/2020 2:50,634488673.1,6123.208,25.82,186.81,626005,70.575,2573.68,-99.99,2575.13,-99.99,2576.59,-99.99,217.14,-9.99,217.26,-9.99,217.38,-9.99,8.58478E+23,9.9,35.118,10.384
249,2/9/2020 2:50,634488673.1,6123.31,25.82,186.81,626888,70.675,2519.45,-99.99,2520.9,-99.99,2522.35,-99.99,216.49,-9.99,216.62,-9.99,216.74,-9.99,8.42896E+23,9.9,35.117,10.384
250,2/9/2020 2:50,634488673.2,6123.411,25.82,186.81,627764,70.774,2466.74,-99.99,2468.19,-99.99,2469.64,-99.99,215.96,-9.99,216.09,-9.99,216.22,-9.99,8.27295E+23,9.9,35.117,10.384
226,2/9/2020 2:50,634488671.2,6120.958,25.83,186.83,606503,68.377,4072.1,-99.99,4073.55,-99.99,4075,-99.99,225.84,-9.99,225.92,-9.99,226,-9.99,1.30599E+24,9.9,35.13,10.383
227,2/9/2020 2:50,634488671.3,6121.061,25.83,186.83,607396,68.477,3988.77,-99.99,3990.22,-99.99,3991.67,-99.99,225.49,-9.99,225.57,-9.99,225.65,-9.99,1.28123E+24,9.9,35.13,10.383
228,2/9/2020 2:50,634488671.4,6121.164,25.83,186.83,608289,68.578,3907.04,-99.99,3908.49,-99.99,3909.94,-99.99,225.25,-9.99,225.34,-9.99,225.42,-9.99,1.25629E+24,9.9,35.129,10.383
229,2/9/2020 2:50,634488671.5,6121.267,25.83,186.83,609182,68.679,3826.94,-99.99,3828.39,-99.99,3829.84,-99.99,225.22,-9.99,225.31,-9.99,225.39,-9.99,1.23072E+24,9.9,35.129,10.383
230,2/9/2020 2:50,634488671.6,6121.37,25.83,186.82,610075,68.779,3748.53,-99.99,3749.98,-99.99,3751.43,-99.99,225.58,-9.99,225.66,-9.99,225.75,-9.99,1.2036E+24,9.9,35.128,10.383
231,2/9/2020 2:50,634488671.8,6121.472,25.83,186.82,610959,68.879,3672.58,-99.99,3674.03,-99.99,3675.48,-99.99,225.82,-9.99,225.91,-9.99,226,-9.99,1.17794E+24,9.9,35.126,10.383
232,2/9/2020 2:50,634488671.9,6121.575,25.83,186.82,611852,68.98,3597.39,-99.99,3598.84,-99.99,3600.29,-99.99,225.25,-9.99,225.34,-9.99,225.44,-9.99,1.15672E+24,9.9,35.126,10.383
233,2/9/2020 2:50,634488672,6121.677,25.83,186.82,612736,69.079,3524.26,-99.99,3525.7,-99.99,3527.16,-99.99,224.58,-9.99,224.67,-9.99,224.76,-9.99,1.13661E+24,9.9,35.125,10.383
234,2/9/2020 2:50,634488672.1,6121.779,25.83,186.82,613620,69.179,3452.37,-99.99,3453.82,-99.99,3455.27,-99.99,223.76,-9.99,223.86,-9.99,223.95,-9.99,1.11748E+24,9.9,35.125,10.383
235,2/9/2020 2:50,634488672.1,6121.881,25.83,186.82,614505,69.279,3381.7,-99.99,3383.15,-99.99,3384.6,-99.99,222.91,-9.99,223.01,-9.99,223.11,-9.99,1.09878E+24,9.9,35.124,10.383
236,2/9/2020 2:50,634488672.1,6121.983,25.83,186.82,615389,69.378,3312.22,-99.99,3313.67,-99.99,3315.12,-99.99,222.14,-9.99,222.24,-9.99,222.34,-9.99,1.07995E+24,9.9,35.124,10.383
217,2/9/2020 2:50,634488670.4,6120.032,25.84,186.84,598472,67.471,4894.89,-99.99,4896.34,-99.99,4897.79,-99.99,229.16,-9.99,229.23,-9.99,229.29,-9.99,1.54711E+24,9.9,35.136,10.382
218,2/9/2020 2:50,634488670.6,6120.135,25.84,186.84,599366,67.572,4796.12,-99.99,4797.57,-99.99,4799.02,-99.99,228.8,-9.99,228.87,-9.99,228.94,-9.99,1.51826E+24,9.9,35.134,10.382
219,2/9/2020 2:50,634488670.7,6120.238,25.84,186.84,600259,67.673,4699.29,-99.99,4700.74,-99.99,4702.19,-99.99,228.87,-9.99,228.94,-9.99,229.01,-9.99,1.48715E+24,9.9,35.134,10.382
220,2/9/2020 2:50,634488670.8,6120.342,25.84,186.83,601161,67.774,4603.65,-99.99,4605.1,-99.99,4606.55,-99.99,229.53,-9.99,229.6,-9.99,229.67,-9.99,1.45271E+24,9.9,35.133,10.382
221,2/9/2020 2:50,634488670.9,6120.445,25.84,186.83,602054,67.875,4510.84,-99.99,4512.29,-99.99,4513.74,-99.99,228.76,-9.99,228.83,-9.99,228.91,-9.99,1.4282E+24,9.9,35.133,10.382
222,2/9/2020 2:50,634488670.9,6120.547,25.84,186.83,602939,67.975,4420.47,-99.99,4421.92,-99.99,4423.37,-99.99,227.94,-9.99,228.02,-9.99,228.09,-9.99,1.40461E+24,9.9,35.132,10.382
223,2/9/2020 2:50,634488671,6120.65,25.84,186.83,603832,68.076,4330.75,-99.99,4332.2,-99.99,4333.65,-99.99,227.24,-9.99,227.31,-9.99,227.39,-9.99,1.38038E+24,9.9,35.132,10.382
224,2/9/2020 2:50,634488671.1,6120.753,25.84,186.83,604725,68.176,4242.64,-99.99,4244.09,-99.99,4245.54,-99.99,226.84,-9.99,226.92,-9.99,227,-9.99,1.35464E+24,9.9,35.131,10.383
225,2/9/2020 2:50,634488671.2,6120.856,25.84,186.83,605618,68.277,4156.18,-99.99,4157.63,-99.99,4159.08,-99.99,226.4,-9.99,226.48,-9.99,226.56,-9.99,1.32963E+24,9.9,35.131,10.383
208,2/9/2020 2:50,634488669.4,6119.102,25.85,186.85,590405,66.562,5869.65,-99.99,5871.1,-99.99,5872.55,-99.99,234.45,-9.99,234.51,-9.99,234.56,-9.99,1.81335E+24,9.9,35.143,10.381
209,2/9/2020 2:50,634488669.5,6119.206,25.85,186.85,591307,66.663,5752.77,-99.99,5754.22,-99.99,5755.67,-99.99,234.32,-9.99,234.38,-9.99,234.44,-9.99,1.77822E+24,9.9,35.142,10.381
210,2/9/2020 2:50,634488669.7,6119.31,25.85,186.85,592210,66.765,5638.12,-99.99,5639.57,-99.99,5641.02,-99.99,234.02,-9.99,234.08,-9.99,234.14,-9.99,1.74499E+24,9.9,35.141,10.381
211,2/9/2020 2:50,634488669.9,6119.413,25.85,186.85,593103,66.866,5526.63,-99.99,5528.08,-99.99,5529.53,-99.99,233.48,-9.99,233.54,-9.99,233.6,-9.99,1.71443E+24,9.9,35.14,10.382
212,2/9/2020 2:50,634488670,6119.516,25.85,186.84,593997,66.967,5417.03,-99.99,5418.48,-99.99,5419.93,-99.99,232.65,-9.99,232.71,-9.99,232.77,-9.99,1.68645E+24,9.9,35.139,10.382
213,2/9/2020 2:50,634488670,6119.619,25.85,186.84,594890,67.067,5309.23,-99.99,5310.69,-99.99,5312.14,-99.99,231.85,-9.99,231.91,-9.99,231.97,-9.99,1.65862E+24,9.9,35.139,10.382
214,2/9/2020 2:50,634488670.1,6119.722,25.85,186.84,595784,67.168,5203.23,-99.99,5204.68,-99.99,5206.13,-99.99,231.07,-9.99,231.13,-9.99,231.2,-9.99,1.63097E+24,9.9,35.138,10.382
215,2/9/2020 2:50,634488670.2,6119.825,25.85,186.84,596677,67.269,5098.99,-99.99,5100.44,-99.99,5101.9,-99.99,230.27,-9.99,230.34,-9.99,230.4,-9.99,1.60382E+24,9.9,35.138,10.382
216,2/9/2020 2:50,634488670.2,6119.928,25.85,186.84,597570,67.37,4996.51,-99.99,4997.96,-99.99,4999.41,-99.99,229.54,-9.99,229.6,-9.99,229.67,-9.99,1.57662E+24,9.9,35.137,10.382
202,2/9/2020 2:49,634488668.3,6118.476,25.86,186.87,584973,65.949,6625.1,-99.99,6626.55,-99.99,6628,-99.99,234.19,-9.99,234.24,-9.99,234.29,-9.99,2.04897E+24,9.9,35.151,10.38
203,2/9/2020 2:49,634488668.5,6118.581,25.86,186.86,585884,66.052,6491.81,-99.99,6493.26,-99.99,6494.71,-99.99,234.29,-9.99,234.34,-9.99,234.39,-9.99,2.00694E+24,9.9,35.149,10.38
204,2/9/2020 2:50,634488668.7,6118.685,25.86,186.86,586787,66.154,6362.5,-99.99,6363.95,-99.99,6365.4,-99.99,234.41,-9.99,234.46,-9.99,234.51,-9.99,1.96596E+24,9.9,35.148,10.38
205,2/9/2020 2:50,634488668.9,6118.79,25.86,186.86,587698,66.257,6234.61,-99.99,6236.06,-99.99,6237.51,-99.99,234.44,-9.99,234.5,-9.99,234.55,-9.99,1.92612E+24,9.9,35.147,10.381
206,2/9/2020 2:50,634488669,6118.894,25.86,186.86,588600,66.358,6110.49,-99.99,6111.94,-99.99,6113.39,-99.99,234.49,-9.99,234.54,-9.99,234.6,-9.99,1.88744E+24,9.9,35.146,10.381
207,2/9/2020 2:50,634488669.2,6118.998,25.86,186.85,589503,66.46,5988.86,-99.99,5990.31,-99.99,5991.76,-99.99,234.49,-9.99,234.55,-9.99,234.61,-9.99,1.84982E+24,9.9,35.144,10.381
197,2/9/2020 2:49,634488667.4,6117.951,25.87,186.88,580417,65.436,7334.3,-99.99,7335.75,-99.99,7337.2,-99.99,233.66,-9.99,233.7,-9.99,233.75,-9.99,2.27349E+24,9.9,35.157,10.379
198,2/9/2020 2:49,634488667.7,6118.057,25.87,186.88,581337,65.539,7185.09,-99.99,7186.54,-99.99,7187.99,-99.99,234.07,-9.99,234.12,-9.99,234.17,-9.99,2.22327E+24,9.9,35.155,10.38
199,2/9/2020 2:49,634488667.9,6118.162,25.87,186.87,582248,65.642,7040.44,-99.99,7041.89,-99.99,7043.34,-99.99,234.14,-9.99,234.19,-9.99,234.24,-9.99,2.17791E+24,9.9,35.154,10.38
200,2/9/2020 2:49,634488668,6118.266,25.87,186.87,583151,65.744,6900.06,-99.99,6901.51,-99.99,6902.96,-99.99,234.14,-9.99,234.19,-9.99,234.24,-9.99,2.13449E+24,9.9,35.153,10.38
201,2/9/2020 2:49,634488668.2,6118.371,25.87,186.87,584062,65.847,6761.17,-99.99,6762.62,-99.99,6764.07,-99.99,234.14,-9.99,234.19,-9.99,234.24,-9.99,2.09155E+24,9.9,35.152,10.38
189,2/9/2020 2:49,634488666.4,6117.111,25.88,186.89,573126,64.614,8627.71,-99.99,8629.16,-99.99,8630.61,-99.99,236.77,-9.99,236.81,-9.99,236.85,-9.99,2.63923E+24,9.9,35.164,10.378
190,2/9/2020 2:49,634488666.6,6117.216,25.88,186.89,574037,64.716,8455.7,-99.99,8457.15,-99.99,8458.6,-99.99,236.23,-9.99,236.27,-9.99,236.31,-9.99,2.59254E+24,9.9,35.163,10.379
191,2/9/2020 2:49,634488666.7,6117.321,25.88,186.89,574949,64.819,8286.71,-99.99,8288.16,-99.99,8289.61,-99.99,235.57,-9.99,235.62,-9.99,235.66,-9.99,2.54781E+24,9.9,35.162,10.379
192,2/9/2020 2:49,634488666.8,6117.426,25.88,186.89,575860,64.922,8120.61,-99.99,8122.06,-99.99,8123.52,-99.99,234.84,-9.99,234.88,-9.99,234.92,-9.99,2.50459E+24,9.9,35.161,10.379
193,2/9/2020 2:49,634488666.9,6117.53,25.88,186.89,576763,65.024,7958.94,-99.99,7960.39,-99.99,7961.84,-99.99,234.25,-9.99,234.29,-9.99,234.33,-9.99,2.46092E+24,9.9,35.161,10.379
194,2/9/2020 2:49,634488667,6117.635,25.88,186.88,577674,65.127,7798.6,-99.99,7800.05,-99.99,7801.5,-99.99,233.74,-9.99,233.78,-9.99,233.82,-9.99,2.41659E+24,9.9,35.16,10.379
195,2/9/2020 2:49,634488667.1,6117.74,25.88,186.88,578586,65.229,7641.22,-99.99,7642.67,-99.99,7644.12,-99.99,233.4,-9.99,233.44,-9.99,233.49,-9.99,2.37127E+24,9.9,35.159,10.379
196,2/9/2020 2:49,634488667.2,6117.846,25.88,186.88,579506,65.333,7485.41,-99.99,7486.86,-99.99,7488.31,-99.99,233.29,-9.99,233.34,-9.99,233.38,-9.99,2.32395E+24,9.9,35.159,10.379
184,2/9/2020 2:49,634488665.5,6116.583,25.89,186.9,568541,64.097,9541.39,-99.99,9542.84,-99.99,9544.29,-99.99,239.01,-9.99,239.05,-9.99,239.09,-9.99,2.89135E+24,9.9,35.17,10.378
185,2/9/2020 2:49,634488665.7,6116.689,25.89,186.9,569462,64.201,9351.18,-99.99,9352.63,-99.99,9354.08,-99.99,238.6,-9.99,238.63,-9.99,238.67,-9.99,2.83869E+24,9.9,35.169,10.378
186,2/9/2020 2:49,634488665.9,6116.794,25.89,186.9,570373,64.303,9166.19,-99.99,9167.64,-99.99,9169.09,-99.99,238.2,-9.99,238.24,-9.99,238.28,-9.99,2.78715E+24,9.9,35.168,10.378
187,2/9/2020 2:49,634488666.1,6116.9,25.89,186.9,571294,64.407,8982.84,-99.99,8984.29,-99.99,8985.74,-99.99,237.75,-9.99,237.78,-9.99,237.82,-9.99,2.73663E+24,9.9,35.166,10.378
188,2/9/2020 2:49,634488666.2,6117.005,25.89,186.89,572205,64.51,8804.5,-99.99,8805.95,-99.99,8807.41,-99.99,237.3,-9.99,237.34,-9.99,237.38,-9.99,2.68731E+24,9.9,35.165,10.378
179,2/9/2020 2:49,634488664.5,6116.052,25.9,186.92,563930,63.577,10548.99,-99.99,10550.44,-99.99,10551.89,-99.99,240.82,-9.99,240.85,-9.99,240.89,-9.99,3.17273E+24,9.9,35.178,10.377
180,2/9/2020 2:49,634488664.7,6116.158,25.9,186.92,564851,63.681,10340.28,-99.99,10341.73,-99.99,10343.18,-99.99,240.56,-9.99,240.59,-9.99,240.63,-9.99,3.11332E+24,9.9,35.176,10.377
181,2/9/2020 2:49,634488664.9,6116.264,25.9,186.91,565771,63.785,10135.46,-99.99,10136.91,-99.99,10138.36,-99.99,240.22,-9.99,240.25,-9.99,240.29,-9.99,3.05597E+24,9.9,35.174,10.377
182,2/9/2020 2:49,634488665.1,6116.371,25.9,186.91,566700,63.889,9932.51,-99.99,9933.96,-99.99,9935.41,-99.99,239.81,-9.99,239.85,-9.99,239.88,-9.99,2.99986E+24,9.9,35.173,10.377
183,2/9/2020 2:49,634488665.3,6116.477,25.9,186.91,567621,63.993,9735.15,-99.99,9736.6,-99.99,9738.05,-99.99,239.42,-9.99,239.45,-9.99,239.49,-9.99,2.94512E+24,9.9,35.172,10.377
176,2/9/2020 2:49,634488663.6,6115.729,25.91,186.93,561125,63.261,11210.75,-99.99,11212.2,-99.99,11213.65,-99.99,240.75,-9.99,240.78,-9.99,240.81,-9.99,3.37271E+24,9.9,35.184,10.376
177,2/9/2020 2:49,634488663.9,6115.837,25.91,186.93,562063,63.366,10984.93,-99.99,10986.38,-99.99,10987.83,-99.99,240.95,-9.99,240.98,-9.99,241.01,-9.99,3.30208E+24,9.9,35.182,10.376
178,2/9/2020 2:49,634488664.2,6115.945,25.91,186.92,563001,63.472,10763.76,-99.99,10765.21,-99.99,10766.66,-99.99,240.96,-9.99,240.99,-9.99,241.02,-9.99,3.23545E+24,9.9,35.18,10.376
172,2/9/2020 2:49,634488662.6,6115.298,25.92,186.95,557381,62.839,12160.38,-99.99,12161.83,-99.99,12163.28,-99.99,240.71,-9.99,240.74,-9.99,240.76,-9.99,3.65908E+24,9.9,35.191,10.375
173,2/9/2020 2:49,634488662.8,6115.406,25.92,186.94,558319,62.944,11915.15,-99.99,11916.6,-99.99,11918.05,-99.99,240.49,-9.99,240.52,-9.99,240.55,-9.99,3.58849E+24,9.9,35.19,10.375
174,2/9/2020 2:49,634488663,6115.513,25.92,186.94,559249,63.049,11676.95,-99.99,11678.4,-99.99,11679.85,-99.99,240.46,-9.99,240.49,-9.99,240.52,-9.99,3.51723E+24,9.9,35.188,10.375
175,2/9/2020 2:49,634488663.3,6115.621,25.92,186.94,560187,63.155,11441.4,-99.99,11442.85,-99.99,11444.3,-99.99,240.57,-9.99,240.6,-9.99,240.63,-9.99,3.44473E+24,9.9,35.186,10.375
166,2/9/2020 2:49,634488661.6,6114.653,25.93,186.96,551778,62.207,13721.03,-99.99,13722.48,-99.99,13723.93,-99.99,244.55,-9.99,244.58,-9.99,244.6,-9.99,4.06377E+24,9.9,35.198,10.374
167,2/9/2020 2:49,634488661.9,6114.761,25.93,186.96,552716,62.313,13448.34,-99.99,13449.79,-99.99,13451.24,-99.99,243.91,-9.99,243.93,-9.99,243.96,-9.99,3.99355E+24,9.9,35.196,10.374
168,2/9/2020 2:49,634488662.1,6114.868,25.93,186.95,553646,62.418,13182.79,-99.99,13184.24,-99.99,13185.69,-99.99,243.17,-9.99,243.19,-9.99,243.22,-9.99,3.92659E+24,9.9,35.195,10.374
169,2/9/2020 2:49,634488662.2,6114.975,25.93,186.95,554575,62.522,12921.68,-99.99,12923.13,-99.99,12924.58,-99.99,242.38,-9.99,242.41,-9.99,242.43,-9.99,3.86133E+24,9.9,35.194,10.374
170,2/9/2020 2:49,634488662.3,6115.083,25.93,186.95,555513,62.628,12662.58,-99.99,12664.03,-99.99,12665.48,-99.99,241.65,-9.99,241.68,-9.99,241.7,-9.99,3.79533E+24,9.9,35.193,10.375
171,2/9/2020 2:49,634488662.4,6115.19,25.93,186.95,556443,62.733,12410.35,-99.99,12411.8,-99.99,12413.25,-99.99,241.1,-9.99,241.13,-9.99,241.16,-9.99,3.72815E+24,9.9,35.192,10.375
162,2/9/2020 2:49,634488661,6114.223,25.94,186.97,548041,61.786,14853.67,-99.99,14855.12,-99.99,14856.57,-99.99,247.95,-9.99,247.97,-9.99,248,-9.99,4.33896E+24,9.9,35.202,10.373
163,2/9/2020 2:49,634488661.1,6114.33,25.94,186.97,548971,61.891,14564.92,-99.99,14566.37,-99.99,14567.82,-99.99,246.96,-9.99,246.99,-9.99,247.01,-9.99,4.27156E+24,9.9,35.201,10.374
164,2/9/2020 2:49,634488661.3,6114.437,25.94,186.96,549901,61.995,14280.72,-99.99,14282.17,-99.99,14283.62,-99.99,246.06,-9.99,246.08,-9.99,246.11,-9.99,4.20363E+24,9.9,35.201,10.374
165,2/9/2020 2:49,634488661.4,6114.545,25.94,186.96,550839,62.101,13998.5,-99.99,13999.95,-99.99,14001.4,-99.99,245.23,-9.99,245.25,-9.99,245.28,-9.99,4.13457E+24,9.9,35.2,10.374
159,2/9/2020 2:49,634488659.6,6113.894,25.95,186.99,545182,61.463,15775.13,-99.99,15776.58,-99.99,15778.03,-99.99,248.32,-9.99,248.34,-9.99,248.36,-9.99,4.60133E+24,9.9,35.212,10.372
160,2/9/2020 2:49,634488659.8,6114.003,25.95,186.98,546129,61.57,15463.72,-99.99,15465.17,-99.99,15466.62,-99.99,248.15,-9.99,248.18,-9.99,248.2,-9.99,4.51344E+24,9.9,35.211,10.372
161,2/9/2020 2:49,634488660.4,6114.114,25.95,186.98,547094,61.679,15152.91,-99.99,15154.36,-99.99,15155.81,-99.99,248.29,-9.99,248.32,-9.99,248.34,-9.99,4.42022E+24,9.9,35.207,10.373
154,2/9/2020 2:49,634488658.7,6113.348,25.96,187,540436,60.928,17420.54,-99.99,17421.99,-99.99,17423.44,-99.99,251.8,-9.99,251.82,-9.99,251.84,-9.99,5.01089E+24,9.9,35.219,10.371
155,2/9/2020 2:49,634488658.9,6113.457,25.96,187,541384,61.035,17080.86,-99.99,17082.31,-99.99,17083.76,-99.99,250.97,-9.99,250.99,-9.99,251.01,-9.99,4.92946E+24,9.9,35.217,10.371
156,2/9/2020 2:49,634488659.1,6113.566,25.96,186.99,542331,61.142,16746.76,-99.99,16748.21,-99.99,16749.66,-99.99,250.19,-9.99,250.22,-9.99,250.24,-9.99,4.84804E+24,9.9,35.216,10.372
157,2/9/2020 2:49,634488659.3,6113.675,25.96,186.99,543279,61.249,16418.24,-99.99,16419.69,-99.99,16421.14,-99.99,249.48,-9.99,249.5,-9.99,249.53,-9.99,4.76652E+24,9.9,35.215,10.372
158,2/9/2020 2:49,634488659.5,6113.784,25.96,186.99,544226,61.356,16095.31,-99.99,16096.76,-99.99,16098.21,-99.99,248.85,-9.99,248.87,-9.99,248.9,-9.99,4.68463E+24,9.9,35.213,10.372
151,2/9/2020 2:49,634488657.9,6113.02,25.97,187.01,537585,60.607,18476.61,-99.99,18478.06,-99.99,18479.51,-99.99,254.31,-9.99,254.33,-9.99,254.35,-9.99,5.26219E+24,9.9,35.224,10.371
152,2/9/2020 2:49,634488658.3,6113.13,25.97,187,538541,60.715,18116.66,-99.99,18118.11,-99.99,18119.56,-99.99,253.58,-9.99,253.6,-9.99,253.62,-9.99,5.17454E+24,9.9,35.222,10.371
153,2/9/2020 2:49,634488658.5,6113.239,25.97,187,539489,60.822,17765.79,-99.99,17767.24,-99.99,17768.69,-99.99,252.68,-9.99,252.7,-9.99,252.72,-9.99,5.09245E+24,9.9,35.22,10.371
147,2/9/2020 2:49,634488656.7,6112.579,25.98,187.03,533751,60.175,19983.5,-99.99,19984.95,-99.99,19986.4,-99.99,256.82,-9.99,256.84,-9.99,256.86,-9.99,5.63581E+24,9.9,35.233,10.369
148,2/9/2020 2:49,634488657,6112.689,25.98,187.02,534708,60.282,19597.92,-99.99,19599.37,-99.99,19600.82,-99.99,256.11,-9.99,256.13,-9.99,256.15,-9.99,5.54238E+24,9.9,35.231,10.37
149,2/9/2020 2:49,634488657.2,6112.8,25.98,187.02,535673,60.391,19215.37,-99.99,19216.82,-99.99,19218.27,-99.99,255.43,-9.99,255.45,-9.99,255.47,-9.99,5.44867E+24,9.9,35.229,10.37
150,2/9/2020 2:49,634488657.6,6112.91,25.98,187.02,536629,60.499,18842.77,-99.99,18844.22,-99.99,18845.67,-99.99,254.9,-9.99,254.91,-9.99,254.93,-9.99,5.35423E+24,9.9,35.227,10.37
144,2/9/2020 2:49,634488655.9,6112.247,25.99,187.04,530864,59.849,21187.04,-99.99,21188.49,-99.99,21189.94,-99.99,259.07,-9.99,259.09,-9.99,259.1,-9.99,5.92338E+24,9.9,35.239,10.369
145,2/9/2020 2:49,634488656.1,6112.358,25.99,187.04,531830,59.958,20777.95,-99.99,20779.4,-99.99,20780.85,-99.99,258.21,-9.99,258.23,-9.99,258.25,-9.99,5.82825E+24,9.9,35.237,10.369
146,2/9/2020 2:49,634488656.4,6112.468,25.99,187.03,532786,60.066,20379.18,-99.99,20380.63,-99.99,20382.09,-99.99,257.53,-9.99,257.55,-9.99,257.56,-9.99,5.7316E+24,9.9,35.235,10.369
140,2/9/2020 2:49,634488655,6111.805,26,187.05,527021,59.416,22882.04,-99.99,22883.49,-99.99,22884.94,-99.99,262.85,-9.99,262.87,-9.99,262.88,-9.99,6.30525E+24,9.9,35.246,10.368
141,2/9/2020 2:49,634488655.2,6111.916,26,187.05,527986,59.525,22446.36,-99.99,22447.81,-99.99,22449.26,-99.99,261.87,-9.99,261.88,-9.99,261.9,-9.99,6.20842E+24,9.9,35.244,10.368
142,2/9/2020 2:49,634488655.5,6112.026,26,187.04,528943,59.633,22021.28,-99.99,22022.73,-99.99,22024.18,-99.99,260.94,-9.99,260.95,-9.99,260.97,-9.99,6.11251E+24,9.9,35.242,10.368
143,2/9/2020 2:49,634488655.7,6112.137,26,187.04,529908,59.741,21598.99,-99.99,21600.44,-99.99,21601.89,-99.99,259.97,-9.99,259.99,-9.99,260.01,-9.99,6.01757E+24,9.9,35.24,10.368
137,2/9/2020 2:49,634488654.1,6111.472,26.01,187.06,524125,59.089,24230.25,-99.99,24231.7,-99.99,24233.15,-99.99,265.72,-9.99,265.74,-9.99,265.76,-9.99,6.60451E+24,9.9,35.252,10.367
138,2/9/2020 2:49,634488654.4,6111.583,26.01,187.06,525090,59.198,23773.86,-99.99,23775.31,-99.99,23776.76,-99.99,264.8,-9.99,264.82,-9.99,264.84,-9.99,6.50262E+24,9.9,35.25,10.367
139,2/9/2020 2:49,634488654.7,6111.694,26.01,187.06,526055,59.307,23324.51,-99.99,23325.96,-99.99,23327.41,-99.99,263.84,-9.99,263.86,-9.99,263.88,-9.99,6.40297E+24,9.9,35.247,10.367
135,2/9/2020 2:49,634488653.2,6111.247,26.02,187.08,522168,58.869,25178.25,-99.99,25179.7,-99.99,25181.16,-99.99,267.09,-9.99,267.1,-9.99,267.12,-9.99,6.82787E+24,9.9,35.258,10.366
136,2/9/2020 2:49,634488653.7,6111.36,26.02,187.07,523150,58.98,24698.2,-99.99,24699.65,-99.99,24701.1,-99.99,266.44,-9.99,266.45,-9.99,266.47,-9.99,6.71408E+24,9.9,35.255,10.366
132,2/9/2020 2:49,634488652.1,6110.909,26.03,187.09,519227,58.537,26663.16,-99.99,26664.61,-99.99,26666.06,-99.99,269.08,-9.99,269.09,-9.99,269.11,-9.99,7.17709E+24,9.9,35.267,10.365
133,2/9/2020 2:49,634488652.5,6111.022,26.03,187.09,520210,58.648,26158.47,-99.99,26159.92,-99.99,26161.37,-99.99,268.44,-9.99,268.45,-9.99,268.47,-9.99,7.05805E+24,9.9,35.264,10.365
134,2/9/2020 2:49,634488652.9,6111.135,26.03,187.08,521193,58.759,25662.11,-99.99,25663.56,-99.99,25665.01,-99.99,267.72,-9.99,267.74,-9.99,267.75,-9.99,6.94263E+24,9.9,35.261,10.366
130,2/9/2020 2:49,634488651.3,6110.682,26.04,187.1,517253,58.315,27702.88,-99.99,27704.33,-99.99,27705.78,-99.99,270.36,-9.99,270.37,-9.99,270.38,-9.99,7.42171E+24,9.9,35.272,10.364
131,2/9/2020 2:49,634488651.7,6110.795,26.04,187.1,518236,58.425,27180.94,-99.99,27182.39,-99.99,27183.85,-99.99,269.73,-9.99,269.75,-9.99,269.76,-9.99,7.29874E+24,9.9,35.27,10.365
129,2/9/2020 2:49,634488650.8,6110.567,26.05,187.11,516252,58.202,28243.15,-99.99,28244.6,-99.99,28246.05,-99.99,270.93,-9.99,270.94,-9.99,270.95,-9.99,7.55049E+24,9.9,35.276,10.364
127,2/9/2020 2:49,634488649.2,6110.334,26.06,187.14,514225,57.973,29369.3,-99.99,29370.75,-99.99,29372.2,-99.99,270.9,-9.99,270.92,-9.99,270.93,-9.99,7.85219E+24,9.9,35.288,10.362
128,2/9/2020 2:49,634488649.8,6110.451,26.06,187.13,515243,58.088,28798.28,-99.99,28799.73,-99.99,28801.18,-99.99,270.88,-9.99,270.9,-9.99,270.91,-9.99,7.70012E+24,9.9,35.284,10.363
125,2/9/2020 2:49,634488648.4,6110.101,26.07,187.15,512197,57.745,30539.32,-99.99,30540.77,-99.99,30542.22,-99.99,271.51,-9.99,271.52,-9.99,271.53,-9.99,8.1469E+24,9.9,35.294,10.361
126,2/9/2020 2:49,634488648.7,6110.218,26.07,187.14,513216,57.859,29946.4,-99.99,29947.85,-99.99,29949.3,-99.99,271.09,-9.99,271.11,-9.99,271.12,-9.99,8.00093E+24,9.9,35.291,10.362
123,2/9/2020 2:49,634488647.6,6109.869,26.08,187.16,510179,57.517,31747.03,-99.99,31748.48,-99.99,31749.93,-99.99,272.48,-9.99,272.49,-9.99,272.5,-9.99,8.43888E+24,9.9,35.3,10.361
124,2/9/2020 2:49,634488647.9,6109.985,26.08,187.15,511188,57.631,31137.85,-99.99,31139.3,-99.99,31140.75,-99.99,271.94,-9.99,271.95,-9.99,271.96,-9.99,8.29341E+24,9.9,35.297,10.361
120,2/9/2020 2:49,634488646.5,6109.522,26.09,187.17,507159,57.177,33632.12,-99.99,33633.57,-99.99,33635.02,-99.99,274.67,-9.99,274.68,-9.99,274.7,-9.99,8.86854E+24,9.9,35.307,10.36
121,2/9/2020 2:49,634488646.9,6109.638,26.09,187.17,508168,57.29,32991.51,-99.99,32992.96,-99.99,32994.41,-99.99,273.87,-9.99,273.89,-9.99,273.9,-9.99,8.72502E+24,9.9,35.305,10.36
122,2/9/2020 2:49,634488647.2,6109.753,26.09,187.16,509169,57.403,32366.76,-99.99,32368.21,-99.99,32369.66,-99.99,273.14,-9.99,273.15,-9.99,273.17,-9.99,8.58273E+24,9.9,35.302,10.36
118,2/9/2020 2:49,634488645.6,6109.289,26.1,187.19,505131,56.948,34951.07,-99.99,34952.52,-99.99,34953.97,-99.99,276.13,-9.99,276.14,-9.99,276.15,-9.99,9.16769E+24,9.9,35.314,10.359
119,2/9/2020 2:49,634488646.1,6109.405,26.1,187.18,506140,57.062,34288.94,-99.99,34290.39,-99.99,34291.84,-99.99,275.47,-9.99,275.48,-9.99,275.49,-9.99,9.01554E+24,9.9,35.311,10.359
116,2/9/2020 2:49,634488644.6,6109.054,26.11,187.2,503085,56.717,36327.03,-99.99,36328.48,-99.99,36329.93,-99.99,277.41,-9.99,277.43,-9.99,277.44,-9.99,9.48452E+24,9.9,35.322,10.358
117,2/9/2020 2:49,634488645,6109.171,26.11,187.2,504104,56.832,35636.12,-99.99,35637.57,-99.99,35639.02,-99.99,276.78,-9.99,276.79,-9.99,276.8,-9.99,9.32546E+24,9.9,35.319,10.358
114,2/9/2020 2:49,634488643.8,6108.819,26.12,187.21,501040,56.487,37749.96,-99.99,37751.41,-99.99,37752.86,-99.99,278.96,-9.99,278.97,-9.99,278.98,-9.99,9.80136E+24,9.9,35.328,10.357
115,2/9/2020 2:49,634488644.1,6108.936,26.12,187.21,502058,56.602,37035.67,-99.99,37037.12,-99.99,37038.57,-99.99,278.15,-9.99,278.16,-9.99,278.18,-9.99,9.64383E+24,9.9,35.325,10.357
113,2/9/2020 2:49,634488643.1,6108.7,26.13,187.23,500004,56.37,38488.66,-99.99,38490.11,-99.99,38491.56,-99.99,279.63,-9.99,279.64,-9.99,279.65,-9.99,9.96924E+24,9.9,35.333,10.356
109,2/9/2020 2:49,634488641.9,6108.229,26.14,187.24,495903,55.908,41534.97,-99.99,41536.42,-99.99,41537.87,-99.99,283.43,-9.99,283.44,-9.99,283.45,-9.99,1.06142E+25,9.9,35.342,10.355
110,2/9/2020 2:49,634488642.1,6108.346,26.14,187.24,496922,56.023,40760.68,-99.99,40762.14,-99.99,40763.59,-99.99,282.24,-9.99,282.25,-9.99,282.26,-9.99,1.046E+25,9.9,35.34,10.355
111,2/9/2020 2:49,634488642.3,6108.463,26.14,187.24,497940,56.137,39997.77,-99.99,39999.22,-99.99,40000.68,-99.99,281.12,-9.99,281.13,-9.99,281.14,-9.99,1.03054E+25,9.9,35.339,10.355
112,2/9/2020 2:49,634488642.5,6108.581,26.14,187.23,498968,56.253,39240.13,-99.99,39241.58,-99.99,39243.03,-99.99,280.22,-9.99,280.23,-9.99,280.24,-9.99,1.01427E+25,9.9,35.338,10.356
106,2/9/2020 2:49,634488640.9,6107.877,26.15,187.26,492838,55.562,43933.43,-99.99,43934.88,-99.99,43936.33,-99.99,287.09,-9.99,287.1,-9.99,287.11,-9.99,1.10838E+25,9.9,35.35,10.354
107,2/9/2020 2:49,634488641.2,6107.994,26.15,187.25,493857,55.677,43124.66,-99.99,43126.11,-99.99,43127.56,-99.99,285.86,-9.99,285.87,-9.99,285.88,-9.99,1.09265E+25,9.9,35.347,10.354
108,2/9/2020 2:49,634488641.5,6108.111,26.15,187.25,494876,55.792,42327.42,-99.99,42328.87,-99.99,42330.32,-99.99,284.63,-9.99,284.64,-9.99,284.65,-9.99,1.07708E+25,9.9,35.345,10.355
104,2/9/2020 2:49,634488640,6107.641,26.16,187.27,490783,55.33,45600.7,-99.99,45602.15,-99.99,45603.6,-99.99,289.48,-9.99,289.49,-9.99,289.5,-9.99,1.14094E+25,9.9,35.356,10.353
105,2/9/2020 2:49,634488640.4,6107.759,26.16,187.26,491811,55.446,44761.02,-99.99,44762.47,-99.99,44763.92,-99.99,288.26,-9.99,288.27,-9.99,288.28,-9.99,1.12468E+25,9.9,35.353,10.354
102,2/9/2020 2:49,634488639.1,6107.404,26.17,187.28,488719,55.098,47324.35,-99.99,47325.8,-99.99,47327.25,-99.99,291.83,-9.99,291.84,-9.99,291.85,-9.99,1.17453E+25,9.9,35.362,10.352
103,2/9/2020 2:49,634488639.5,6107.522,26.17,187.28,489747,55.214,46459.9,-99.99,46461.35,-99.99,46462.8,-99.99,290.66,-9.99,290.67,-9.99,290.67,-9.99,1.15774E+25,9.9,35.36,10.353
100,2/9/2020 2:49,634488638.2,6107.166,26.18,187.3,486646,54.864,49106.03,-99.99,49107.48,-99.99,49108.93,-99.99,294.24,-9.99,294.25,-9.99,294.26,-9.99,1.20878E+25,9.9,35.369,10.351
101,2/9/2020 2:49,634488638.7,6107.285,26.18,187.29,487682,54.981,48208.77,-99.99,48210.22,-99.99,48211.67,-99.99,293.06,-9.99,293.07,-9.99,293.08,-9.99,1.19147E+25,9.9,35.366,10.352
98,2/9/2020 2:49,634488637.4,6106.928,26.19,187.31,484573,54.63,50939.41,-99.99,50940.86,-99.99,50942.31,-99.99,296.75,-9.99,296.75,-9.99,296.76,-9.99,1.24332E+25,9.9,35.375,10.351
99,2/9/2020 2:49,634488637.8,6107.047,26.19,187.3,485610,54.747,50016.25,-99.99,50017.7,-99.99,50019.15,-99.99,295.48,-9.99,295.49,-9.99,295.5,-9.99,1.22602E+25,9.9,35.372,10.351
96,2/9/2020 2:49,634488636.4,6106.688,26.2,187.32,482482,54.395,52841.28,-99.99,52842.73,-99.99,52844.18,-99.99,299.19,-9.99,299.2,-9.99,299.2,-9.99,1.27922E+25,9.9,35.383,10.35
97,2/9/2020 2:49,634488636.9,6106.808,26.2,187.31,483528,54.513,51883.56,-99.99,51885.01,-99.99,51886.46,-99.99,298,-9.99,298.01,-9.99,298.02,-9.99,1.26102E+25,9.9,35.379,10.35
94,2/9/2020 2:49,634488635.4,6106.447,26.21,187.34,480383,54.158,54806.61,-99.99,54808.06,-99.99,54809.51,-99.99,301.6,-9.99,301.61,-9.99,301.62,-9.99,1.31616E+25,9.9,35.39,10.349
95,2/9/2020 2:49,634488635.9,6106.568,26.21,187.33,481437,54.277,53812.85,-99.99,53814.3,-99.99,53815.75,-99.99,300.36,-9.99,300.37,-9.99,300.37,-9.99,1.29766E+25,9.9,35.387,10.349
92,2/9/2020 2:49,634488634.4,6106.206,26.22,187.35,478283,53.921,56828.6,-99.99,56830.05,-99.99,56831.5,-99.99,303.99,-9.99,304,-9.99,304.01,-9.99,1.354E+25,9.9,35.398,10.348
93,2/9/2020 2:49,634488635,6106.327,26.22,187.34,479337,54.04,55806.22,-99.99,55807.67,-99.99,55809.12,-99.99,302.8,-9.99,302.8,-9.99,302.81,-9.99,1.33489E+25,9.9,35.394,10.348
91,2/9/2020 2:49,634488633.9,6106.084,26.23,187.36,477220,53.801,57874.16,-99.99,57875.61,-99.99,57877.06,-99.99,305.25,-9.99,305.26,-9.99,305.27,-9.99,1.37323E+25,9.9,35.402,10.347
89,2/9/2020 2:49,634488632.8,6105.841,26.24,187.37,475103,53.563,60001.55,-99.99,60003,-99.99,60004.45,-99.99,307.65,-9.99,307.65,-9.99,307.66,-9.99,1.41262E+25,9.9,35.41,10.346
90,2/9/2020 2:49,634488633.4,6105.963,26.24,187.37,476166,53.683,58925.93,-99.99,58927.38,-99.99,58928.84,-99.99,306.44,-9.99,306.45,-9.99,306.45,-9.99,1.39276E+25,9.9,35.406,10.347
87,2/9/2020 2:49,634488631.8,6105.596,26.25,187.39,472968,53.322,62207.98,-99.99,62209.43,-99.99,62210.88,-99.99,310.12,-9.99,310.13,-9.99,310.13,-9.99,1.45289E+25,9.9,35.418,10.345
88,2/9/2020 2:49,634488632.3,6105.719,26.25,187.38,474040,53.443,61092.49,-99.99,61093.94,-99.99,61095.39,-99.99,308.86,-9.99,308.87,-9.99,308.88,-9.99,1.43263E+25,9.9,35.414,10.346
86,2/9/2020 2:49,634488631.2,6105.474,26.26,187.4,471905,53.202,63330.08,-99.99,63331.53,-99.99,63332.98,-99.99,311.32,-9.99,311.33,-9.99,311.34,-9.99,1.47338E+25,9.9,35.422,10.345
84,2/9/2020 2:49,634488630.2,6105.228,26.27,187.41,469761,52.96,65640.63,-99.99,65642.08,-99.99,65643.53,-99.99,313.85,-9.99,313.85,-9.99,313.86,-9.99,1.51484E+25,9.9,35.43,10.344
85,2/9/2020 2:49,634488630.7,6105.351,26.27,187.41,470833,53.081,64477.31,-99.99,64478.76,-99.99,64480.21,-99.99,312.58,-9.99,312.59,-9.99,312.6,-9.99,1.49402E+25,9.9,35.426,10.344
82,2/9/2020 2:49,634488629,6104.981,26.28,187.43,467608,52.718,68026.26,-99.99,68027.71,-99.99,68029.16,-99.99,316.3,-9.99,316.31,-9.99,316.31,-9.99,1.55773E+25,9.9,35.44,10.342
83,2/9/2020 2:49,634488629.6,6105.105,26.28,187.42,468689,52.84,66820.27,-99.99,66821.72,-99.99,66823.17,-99.99,315.07,-9.99,315.07,-9.99,315.08,-9.99,1.53611E+25,9.9,35.435,10.343
81,2/9/2020 2:49,634488628.5,6104.857,26.29,187.44,466527,52.596,69249.17,-99.99,69250.62,-99.99,69252.07,-99.99,317.57,-9.99,317.58,-9.99,317.59,-9.99,1.57937E+25,9.9,35.444,10.342
80,2/9/2020 2:49,634488627.8,6104.732,26.3,187.45,465438,52.473,70499.2,-99.99,70500.65,-99.99,70502.1,-99.99,318.84,-9.99,318.84,-9.99,318.85,-9.99,1.60152E+25,9.9,35.449,10.341
78,2/9/2020 2:49,634488626.5,6104.482,26.31,187.47,463258,52.227,73052.49,-99.99,73053.94,-99.99,73055.39,-99.99,321.24,-9.99,321.24,-9.99,321.25,-9.99,1.64711E+25,9.9,35.459,10.34
79,2/9/2020 2:49,634488627.2,6104.607,26.31,187.46,464348,52.35,71766.86,-99.99,71768.31,-99.99,71769.76,-99.99,320.05,-9.99,320.06,-9.99,320.07,-9.99,1.62411E+25,9.9,35.454,10.341
77,2/9/2020 2:49,634488626,6104.357,26.32,187.48,462169,52.105,74356.22,-99.99,74357.67,-99.99,74359.12,-99.99,322.48,-9.99,322.49,-9.99,322.5,-9.99,1.67002E+25,9.9,35.463,10.339
75,2/9/2020 2:49,634488624.8,6104.105,26.33,187.49,459972,51.857,77039.51,-99.99,77040.96,-99.99,77042.41,-99.99,325.09,-9.99,325.1,-9.99,325.1,-9.99,1.71642E+25,9.9,35.472,10.338
76,2/9/2020 2:49,634488625.4,6104.231,26.33,187.48,461070,51.981,75688.65,-99.99,75690.1,-99.99,75691.55,-99.99,323.79,-9.99,323.8,-9.99,323.81,-9.99,1.69307E+25,9.9,35.467,10.339
74,2/9/2020 2:49,634488624,6103.979,26.34,187.5,458873,51.733,78409.29,-99.99,78410.74,-99.99,78412.19,-99.99,326.26,-9.99,326.26,-9.99,326.27,-9.99,1.74068E+25,9.9,35.478,10.337
72,2/9/2020 2:49,634488622.7,6103.725,26.35,187.52,456658,51.483,81229.11,-99.99,81230.56,-99.99,81232.01,-99.99,328.76,-9.99,328.77,-9.99,328.78,-9.99,1.78954E+25,9.9,35.488,10.336
73,2/9/2020 2:49,634488623.4,6103.852,26.35,187.51,457766,51.608,79809.42,-99.99,79810.87,-99.99,79812.32,-99.99,327.5,-9.99,327.51,-9.99,327.52,-9.99,1.76502E+25,9.9,35.483,10.337
71,2/9/2020 2:49,634488622,6103.597,26.36,187.53,455542,51.357,82680.02,-99.99,82681.47,-99.99,82682.92,-99.99,330.01,-9.99,330.01,-9.99,330.02,-9.99,1.81464E+25,9.9,35.494,10.335
70,2/9/2020 2:49,634488621.4,6103.469,26.37,187.54,454426,51.232,84151.23,-99.99,84152.68,-99.99,84154.13,-99.99,331.28,-9.99,331.29,-9.99,331.29,-9.99,1.83983E+25,9.9,35.499,10.335
69,2/9/2020 2:49,634488620.8,6103.342,26.38,187.55,453318,51.107,85631.11,-99.99,85632.56,-99.99,85634.01,-99.99,332.56,-9.99,332.57,-9.99,332.57,-9.99,1.86497E+25,9.9,35.503,10.334
67,2/9/2020 2:49,634488619.2,6103.084,26.39,187.58,451068,50.853,88700.42,-99.99,88701.87,-99.99,88703.32,-99.99,335.07,-9.99,335.07,-9.99,335.08,-9.99,1.91737E+25,9.9,35.516,10.333
68,2/9/2020 2:49,634488620,6103.213,26.39,187.56,452193,50.98,87155.1,-99.99,87156.55,-99.99,87158,-99.99,333.83,-9.99,333.84,-9.99,333.84,-9.99,1.89095E+25,9.9,35.51,10.333
66,2/9/2020 2:49,634488618.4,6102.954,26.4,187.59,449934,50.725,90279.59,-99.99,90281.04,-99.99,90282.49,-99.99,336.32,-9.99,336.32,-9.99,336.33,-9.99,1.94426E+25,9.9,35.522,10.332
65,2/9/2020 2:49,634488617.7,6102.824,26.41,187.6,448801,50.597,91880.95,-99.99,91882.4,-99.99,91883.85,-99.99,337.56,-9.99,337.56,-9.99,337.57,-9.99,1.97147E+25,9.9,35.528,10.331
64,2/9/2020 2:49,634488616.9,6102.693,26.42,187.61,447658,50.469,93517.34,-99.99,93518.79,-99.99,93520.24,-99.99,338.8,-9.99,338.81,-9.99,338.81,-9.99,1.99922E+25,9.9,35.534,10.33
63,2/9/2020 2:49,634488616.2,6102.563,26.43,187.62,446524,50.341,95163.99,-99.99,95165.44,-99.99,95166.89,-99.99,340.06,-9.99,340.06,-9.99,340.07,-9.99,2.02691E+25,9.9,35.539,10.33
62,2/9/2020 2:49,634488615.5,6102.432,26.44,187.63,445381,50.212,96846.28,-99.99,96847.73,-99.99,96849.18,-99.99,341.37,-9.99,341.38,-9.99,341.38,-9.99,2.0548E+25,9.9,35.545,10.329
61,2/9/2020 2:49,634488614.6,6102.3,26.45,187.64,444230,50.082,98565.02,-99.99,98566.47,-99.99,98567.92,-99.99,342.63,-9.99,342.64,-9.99,342.64,-9.99,2.08357E+25,9.9,35.552,10.328
60,2/9/2020 2:49,634488613.8,6102.168,26.46,187.66,443078,49.952,100307.9,-99.99,100309.3,-99.99,100310.8,-99.99,343.89,-9.99,343.9,-9.99,343.9,-9.99,2.11264E+25,9.9,35.558,10.327
58,2/9/2020 2:49,634488612.2,6101.902,26.47,187.68,440757,49.691,103894.3,-99.99,103895.7,-99.99,103897.2,-99.99,346.43,-9.99,346.43,-9.99,346.44,-9.99,2.17217E+25,9.9,35.571,10.326
59,2/9/2020 2:49,634488612.9,6102.035,26.47,187.67,441918,49.821,102088.6,-99.99,102090,-99.99,102091.5,-99.99,345.14,-9.99,345.15,-9.99,345.15,-9.99,2.14237E+25,9.9,35.566,10.326
57,2/9/2020 2:49,634488611.1,6101.768,26.49,187.7,439588,49.559,105739.4,-99.99,105740.8,-99.99,105742.3,-99.99,347.6,-9.99,347.6,-9.99,347.61,-9.99,2.20328E+25,9.9,35.58,10.325
56,2/9/2020 2:49,634488609.9,6101.632,26.5,187.71,438402,49.425,107639.2,-99.99,107640.7,-99.99,107642.1,-99.99,348.72,-9.99,348.72,-9.99,348.73,-9.99,2.23568E+25,9.9,35.59,10.323
55,2/9/2020 2:49,634488608.9,6101.496,26.51,187.73,437215,49.291,109567.1,-99.99,109568.6,-99.99,109570,-99.99,349.82,-9.99,349.82,-9.99,349.83,-9.99,2.26857E+25,9.9,35.598,10.322
54,2/9/2020 2:48,634488607.9,6101.359,26.52,187.74,436019,49.156,111537.8,-99.99,111539.2,-99.99,111540.7,-99.99,350.97,-9.99,350.97,-9.99,350.97,-9.99,2.30182E+25,9.9,35.606,10.321
53,2/9/2020 2:48,634488606.8,6101.222,26.54,187.76,434824,49.022,113537.5,-99.99,113539,-99.99,113540.4,-99.99,352.06,-9.99,352.06,-9.99,352.07,-9.99,2.3358E+25,9.9,35.615,10.32
52,2/9/2020 2:48,634488605.9,6101.084,26.55,187.78,433619,48.886,115581.6,-99.99,115583,-99.99,115584.5,-99.99,353.23,-9.99,353.23,-9.99,353.24,-9.99,2.37001E+25,9.9,35.622,10.319
51,2/9/2020 2:48,634488604.3,6100.944,26.57,187.8,432398,48.748,117686.5,-99.99,117688,-99.99,117689.4,-99.99,354.2,-9.99,354.2,-9.99,354.21,-9.99,2.40653E+25,9.9,35.635,10.318
50,2/9/2020 2:48,634488603.5,6100.804,26.58,187.81,431176,48.61,119823.6,-99.99,119825,-99.99,119826.5,-99.99,355.31,-9.99,355.31,-9.99,355.32,-9.99,2.4426E+25,9.9,35.642,10.317
49,2/9/2020 2:48,634488602.1,6100.663,26.59,187.83,429945,48.472,122008.6,-99.99,122010.1,-99.99,122011.5,-99.99,356.32,-9.99,356.32,-9.99,356.33,-9.99,2.48009E+25,9.9,35.654,10.315
48,2/9/2020 2:48,634488600.6,6100.52,26.61,187.86,428697,48.331,124259.2,-99.99,124260.7,-99.99,124262.1,-99.99,357.26,-9.99,357.26,-9.99,357.27,-9.99,2.51919E+25,9.9,35.666,10.314
47,2/9/2020 2:48,634488599.7,6100.377,26.62,187.87,427448,48.19,126544.8,-99.99,126546.3,-99.99,126547.7,-99.99,358.38,-9.99,358.38,-9.99,358.38,-9.99,2.55752E+25,9.9,35.673,10.313
46,2/9/2020 2:48,634488598.7,6100.235,26.63,187.88,426209,48.05,128848.8,-99.99,128850.2,-99.99,128851.7,-99.99,359.52,-9.99,359.52,-9.99,359.52,-9.99,2.59582E+25,9.9,35.681,10.312
45,2/9/2020 2:48,634488597.3,6100.091,26.65,187.91,424952,47.909,131220.7,-99.99,131222.2,-99.99,131223.6,-99.99,360.62,-9.99,360.62,-9.99,360.63,-9.99,2.63553E+25,9.9,35.693,10.311
44,2/9/2020 2:48,634488596.2,6099.947,26.66,187.92,423695,47.767,133628.9,-99.99,133630.3,-99.99,133631.8,-99.99,361.74,-9.99,361.74,-9.99,361.75,-9.99,2.67558E+25,9.9,35.702,10.31
43,2/9/2020 2:48,634488594.8,6099.802,26.68,187.94,422429,47.624,136091,-99.99,136092.5,-99.99,136093.9,-99.99,362.81,-9.99,362.81,-9.99,362.81,-9.99,2.71686E+25,9.9,35.714,10.308
42,2/9/2020 2:48,634488593.2,6099.654,26.7,187.97,421136,47.479,138643.7,-99.99,138645.1,-99.99,138646.6,-99.99,363.82,-9.99,363.82,-9.99,363.82,-9.99,2.76015E+25,9.9,35.728,10.306
41,2/9/2020 2:48,634488591.5,6099.504,26.72,187.99,419827,47.331,141272.6,-99.99,141274,-99.99,141275.5,-99.99,364.78,-9.99,364.79,-9.99,364.79,-9.99,2.80504E+25,9.9,35.742,10.305
40,2/9/2020 2:48,634488589.7,6099.353,26.74,188.02,418508,47.182,143962.6,-99.99,143964,-99.99,143965.5,-99.99,365.67,-9.99,365.68,-9.99,365.68,-9.99,2.85147E+25,9.9,35.757,10.303
39,2/9/2020 2:48,634488588,6099.2,26.76,188.05,417172,47.032,146733.7,-99.99,146735.2,-99.99,146736.6,-99.99,366.57,-9.99,366.57,-9.99,366.58,-9.99,2.89927E+25,9.9,35.771,10.301
38,2/9/2020 2:48,634488586.1,6099.046,26.78,188.08,415827,46.88,149570.3,-99.99,149571.7,-99.99,149573.2,-99.99,367.4,-9.99,367.4,-9.99,367.41,-9.99,2.94863E+25,9.9,35.787,10.299
37,2/9/2020 2:48,634488584.2,6098.89,26.81,188.11,414465,46.726,152493.1,-99.99,152494.5,-99.99,152496,-99.99,368.22,-9.99,368.22,-9.99,368.22,-9.99,2.99958E+25,9.9,35.804,10.297
36,2/9/2020 2:48,634488582.2,6098.732,26.83,188.14,413085,46.571,155504.9,-99.99,155506.4,-99.99,155507.8,-99.99,369.05,-9.99,369.05,-9.99,369.05,-9.99,3.05195E+25,9.9,35.821,10.295
35,2/9/2020 2:48,634488580.3,6098.573,26.86,188.17,411696,46.414,158589.1,-99.99,158590.6,-99.99,158592,-99.99,369.86,-9.99,369.87,-9.99,369.87,-9.99,3.10562E+25,9.9,35.838,10.293
34,2/9/2020 2:48,634488578.1,6098.411,26.88,188.2,410281,46.255,161787.5,-99.99,161789,-99.99,161790.4,-99.99,370.66,-9.99,370.67,-9.99,370.67,-9.99,3.16141E+25,9.9,35.857,10.291
33,2/9/2020 2:48,634488575.3,6098.246,26.92,188.24,408840,46.092,165105.3,-99.99,165106.7,-99.99,165108.2,-99.99,371.28,-9.99,371.28,-9.99,371.29,-9.99,3.22087E+25,9.9,35.881,10.288
32,2/9/2020 2:48,634488572.7,6098.078,26.95,188.28,407372,45.927,168547.7,-99.99,168549.1,-99.99,168550.6,-99.99,371.89,-9.99,371.89,-9.99,371.89,-9.99,3.28266E+25,9.9,35.904,10.285
31,2/9/2020 2:48,634488567.1,6097.574,27.02,188.37,402969,45.43,179266.9,-99.99,179268.3,-99.99,179269.8,-99.99,374.51,-9.99,374.52,-9.99,374.52,-9.99,3.46694E+25,9.9,35.954,10.28
30,2/9/2020 2:48,634488564.5,6097.403,27.05,188.41,401475,45.262,183038.3,-99.99,183039.7,-99.99,183041.2,-99.99,375.4,-9.99,375.4,-9.99,375.41,-9.99,3.53152E+25,9.9,35.977,10.277
29,2/9/2020 2:48,634488560.4,6097.224,27.11,188.47,399911,45.086,187063.3,-99.99,187064.8,-99.99,187066.2,-99.99,375.99,-9.99,376,-9.99,376,-9.99,3.60349E+25,9.9,36.014,10.273
28,2/9/2020 2:48,634488556.7,6097.039,27.15,188.53,398294,44.903,191310.4,-99.99,191311.8,-99.99,191313.3,-99.99,376.5,-9.99,376.5,-9.99,376.5,-9.99,3.68038E+25,9.9,36.049,10.269
27,2/9/2020 2:48,634488554.4,6096.856,27.18,188.57,396695,44.723,195599.7,-99.99,195601.1,-99.99,195602.6,-99.99,377.2,-9.99,377.2,-9.99,377.2,-9.99,3.75591E+25,9.9,36.07,10.267
26,2/9/2020 2:48,634488550.6,6096.668,27.23,188.63,395052,44.538,200098.5,-99.99,200099.9,-99.99,200101.4,-99.99,377.85,-9.99,377.85,-9.99,377.85,-9.99,3.83569E+25,9.9,36.106,10.262
25,2/9/2020 2:47,634488544.6,6096.287,27.31,188.72,391722,44.162,209509.4,-99.99,209510.8,-99.99,209512.3,-99.99,379.39,-9.99,379.39,-9.99,379.4,-9.99,3.99973E+25,9.9,36.162,10.256
24,2/9/2020 2:47,634488542.9,6096.099,27.34,188.75,390078,43.977,214298,-99.99,214299.5,-99.99,214300.9,-99.99,380.48,-9.99,380.48,-9.99,380.48,-9.99,4.07945E+25,9.9,36.178,10.254
23,2/9/2020 2:47,634488541.1,6095.913,27.36,188.77,388452,43.794,219128.4,-99.99,219129.8,-99.99,219131.3,-99.99,381.78,-9.99,381.78,-9.99,381.78,-9.99,4.15722E+25,9.9,36.195,10.253
22,2/9/2020 2:47,634488538.9,6095.727,27.39,188.81,386826,43.61,224050.8,-99.99,224052.2,-99.99,224053.7,-99.99,383.1,-9.99,383.1,-9.99,383.1,-9.99,4.23594E+25,9.9,36.217,10.25
21,2/9/2020 2:47,634488536.6,6095.538,27.42,188.85,385174,43.424,229147.5,-99.99,229149,-99.99,229150.4,-99.99,384.54,-9.99,384.55,-9.99,384.55,-9.99,4.31601E+25,9.9,36.239,10.248
20,2/9/2020 2:47,634488533.8,6095.347,27.46,188.89,383504,43.236,234396.4,-99.99,234397.8,-99.99,234399.3,-99.99,385.98,-9.99,385.99,-9.99,385.99,-9.99,4.39841E+25,9.9,36.266,10.245
19,2/9/2020 2:47,634488530,6095.151,27.51,188.95,381790,43.043,239888.2,-99.99,239889.7,-99.99,239891.1,-99.99,387.29,-9.99,387.29,-9.99,387.3,-9.99,4.48627E+25,9.9,36.304,10.241
18,2/9/2020 2:47,634488526.9,6094.951,27.55,189,380041,42.846,245604.7,-99.99,245606.1,-99.99,245607.6,-99.99,388.72,-9.99,388.72,-9.99,388.73,-9.99,4.57626E+25,9.9,36.334,10.238
17,2/9/2020 2:47,634488524.1,6094.752,27.59,189.04,378301,42.649,251406.3,-99.99,251407.8,-99.99,251409.2,-99.99,390.17,-9.99,390.18,-9.99,390.18,-9.99,4.66694E+25,9.9,36.363,10.235
16,2/9/2020 2:47,634488515.8,6094.531,27.71,189.17,376368,42.431,257989.3,-99.99,257990.8,-99.99,257992.2,-99.99,391.22,-9.99,391.22,-9.99,391.23,-9.99,4.77632E+25,9.9,36.447,10.226
15,2/9/2020 2:47,634488513,6094.313,27.75,189.22,374461,42.216,264632.3,-99.99,264633.8,-99.99,264635.2,-99.99,392.48,-9.99,392.49,-9.99,392.49,-9.99,4.88354E+25,9.9,36.476,10.223
14,2/9/2020 2:47,634488509.7,6094.097,27.8,189.27,372572,42.003,271359.5,-99.99,271360.9,-99.99,271362.4,-99.99,393.99,-9.99,393.99,-9.99,393.99,-9.99,4.98855E+25,9.9,36.511,10.219
13,2/9/2020 2:47,634488505.9,6093.879,27.85,189.33,370665,41.788,278295.4,-99.99,278296.8,-99.99,278298.3,-99.99,395.56,-9.99,395.56,-9.99,395.56,-9.99,5.09578E+25,9.9,36.551,10.215
12,2/9/2020 2:47,634488502.1,6093.658,27.91,189.39,368732,41.57,285478.3,-99.99,285479.8,-99.99,285481.2,-99.99,397.24,-9.99,397.24,-9.99,397.24,-9.99,5.20522E+25,9.9,36.591,10.211
11,2/9/2020 2:47,634488497.8,6093.434,27.97,189.46,366772,41.35,292916.8,-99.99,292918.2,-99.99,292919.7,-99.99,398.9,-9.99,398.9,-9.99,398.91,-9.99,5.31854E+25,9.9,36.638,10.207
10,2/9/2020 2:47,634488493.3,6093.204,28.04,189.53,364759,41.123,300722.3,-99.99,300723.8,-99.99,300725.2,-99.99,400.71,-9.99,400.71,-9.99,400.71,-9.99,5.43569E+25,9.9,36.686,10.202
9,2/9/2020 2:47,634488488.8,6092.972,28.11,189.61,362729,40.894,308770.2,-99.99,308771.6,-99.99,308773.1,-99.99,402.52,-9.99,402.52,-9.99,402.52,-9.99,5.55599E+25,9.9,36.736,10.197
8,2/9/2020 2:46,634488484.2,6092.736,28.18,189.68,360664,40.661,317139.1,-99.99,317140.6,-99.99,317142,-99.99,404.43,-9.99,404.43,-9.99,404.44,-9.99,5.6796E+25,9.9,36.787,10.192
7,2/9/2020 2:46,634488478,6092.491,28.28,189.78,358520,40.419,326025.5,-99.99,326026.9,-99.99,326028.4,-99.99,406.33,-9.99,406.33,-9.99,406.33,-9.99,5.81152E+25,9.9,36.857,10.185
6,2/9/2020 2:46,634488471.9,6092.237,28.37,189.88,356297,40.169,335456.3,-99.99,335457.8,-99.99,335459.2,-99.99,408.31,-9.99,408.31,-9.99,408.32,-9.99,5.95055E+25,9.9,36.929,10.179
5,2/9/2020 2:46,634488464.2,6091.973,28.5,190.01,353986,39.908,345499.7,-99.99,345501.2,-99.99,345502.6,-99.99,410.23,-9.99,410.23,-9.99,410.24,-9.99,6.10004E+25,9.9,37.02,10.17
4,2/9/2020 2:46,634488454,6091.689,28.67,190.17,351500,39.628,356588.5,-99.99,356590,-99.99,356591.4,-99.99,412.13,-9.99,412.13,-9.99,412.13,-9.99,6.26683E+25,9.9,37.143,10.159
3,2/9/2020 2:46,634488446.9,6091.401,28.78,190.29,348979,39.344,368141.2,-99.99,368142.6,-99.99,368144.1,-99.99,414.22,-9.99,414.22,-9.99,414.22,-9.99,6.43719E+25,9.9,37.231,10.151
2,2/9/2020 2:46,634488441.1,6091.116,28.89,190.39,346483,39.062,379879.6,-99.99,379881.1,-99.99,379882.5,-99.99,416.52,-9.99,416.52,-9.99,416.52,-9.99,6.60577E+25,9.9,37.305,10.145
1,2/9/2020 2:46,634488435.2,6090.83,28.99,190.48,343979,38.78,391965.4,-99.99,391966.8,-99.99,391968.3,-99.99,419.05,-9.99,419.05,-9.99,419.05,-9.99,6.77487E+25,9.9,37.381,10.138
